Concept name	OntologyNodes	Assigned indicator	Default indicator match	DatamartIdentifier1	Description 1 (UAZ)	DatamartIdentifier2	Description 2 (UAZ)	DatamartIdentifier3	Description 3 (UAZ)	Cheryl's Score for CauseMos Default Indicator	Cheryl's Better Default Available (Yes/No/Node Issue)	Cheryl's Composite Score for CauseMos Default	Cheryl's Score for UAZ Indicators	Cheryl's Better Sets Available (BeatsBest/BetterCoverage/No/Node Issue)	Cheryl's Composite Score for UAZ	"Cheryl's Causemos Default beats UAZ (1 if true, blank if not)"	"Cheryl's UAZ beats Causemos Default (1 if true, blank if not)"	Robyn's Score for CauseMos Default Indicator	Robyn's Better Default Available (Yes/No/Node Issue)	Robyn's composite score for Default Indicator	Robyn's Score for UAZ Indicators	Robyn's Better Sets Available (BeatsBest/BetterCoverage/No)	Robyn's composite score for UAZ indicators	"Robyn's Causemos Default beats UAZ (1 if true, blank if not)"	"Robyn's UAZ beats Causemos Default (1 if true, blank if not)"	Cheryl's Dataset 1	Cheryl's Dataset 1 Description	Gold1a	Cheryl's Dataset 2	Cheryl's Dataset 2 Description	Gold2a	Cheryl's Dataset 3	Cheryl's Dataset 3 Description	Gold3a	Cheryl's Comments	RK Dataset 1	RK Output 1	Gold1b	RK Dataset 2	RK Output 2	Gold2b	RK Dataset 3	RK Output 3	Gold3b	Notes
wm/concept/agriculture/crop_production	wm/concept/agriculture/crop/ wm/process/production	Environment_Emissions_by_Sector_Share of total emissions (SAR)	null	DOJO/1981ffb6-0e07-4c46-acba-2e6e35758438/Production Value	",""name"":""FAOSTAT Crop Production Data - East Africa - 2010-2019 (FAOSTAT_Crop_Production_data_East-Africa.xlsx)"""	DOJO/bf8a23c8-c2f9-4523-93c2-b645d5a2c7d5/production	",""name"":""Cycles_Kenya_Crop_Production_Sorghum"""	DOJO/928ddd70-0266-49d7-ba10-704389eaf1b0/production	",""name"":""Cycles_Kenya_Crop_Production_Maize"""	0	Yes	1	3	No	3		1	0	yes	1	3	"No for scoring purporses, but the choices could have been better with respect to Localization (this was not known to the algorithms, but the users were interested in Ethiopia -- need a way to pass that information to get better selections; likewise time period of interest?)"	3		1	"{""id"":""UAZ_VUAZ-6985"", ,""name"":""University of Arizona Indicators """	",""display_name"":""WDI: Crop production index[2004-2006 = 100]"", ,""description"":""WDI: Crop production index[2004-2006 = 100]"""	DOJO/UAZ_VUAZ-6985/VUAZ-6985	"{""id"":""WDI_crop_production_index_2004_2006_100"", ,""name"":""World Development Indicators"""	",""display_name"":""Crop production index (2004-2006 = 100)"", ,""description"":""SOURCE NOTE: Crop production index shows agricultural production for each year relative to the base period 2004-2006. It includes all crops except fodder crops. Regional and income group aggregates for the FAO's production indexes are calculated from the underlying values in international dollars, normalized to the base period 2004-2006.\\nSOURCE ORGANIZATION: Food and Agriculture Organization, electronic files and web site."""	DOJO/WDI_crop_production_index_2004_2006_100/crop_production_index_2004_2006_100	"{""id"":""1981ffb6-0e07-4c46-acba-2e6e35758438"", ,""name"":""FAOSTAT Crop Production Data - East Africa - 2010-2019 (FAOSTAT_Crop_Production_data_East-Africa.xlsx)"""	",""display_name"":""Crop Production Value"", ,""description"":""crop production value"""	DOJO/1981ffb6-0e07-4c46-acba-2e6e35758438/Production Value	"There are several crop production indicators. No preference among these 3. No CauseMos default. All UAZ returns are reasonable:  """"Crop Production Data (Vegetables, Fruit, Cereals) for East Africa countries from 2010 to 2019 collected by FAOSTAT/production value""; ""Cycles_Kenya_Crop_Production_Sorghum/production""; and ""Cycles_Kenya_Crop_Production_Maize/production"""" "	Kimetrica_Ethiopia_Crop_Production	Production in quintal	DOJO/Kimetrica_Ethiopia_Crop_Production/production_in_quintal	UAZ_VUAZ-2177	"FAO: Gross Production Index Number (2004-2006 = 100), Agriculture (PIN)[Int. $]"	DOJO/UAZ_VUAZ-2177/VUAZ-2177	UAZ_VUAZ-2622	"FAO: Gross per capita Production Index Number (2004-2006 = 100), Food (PIN)[Int. $]"	DOJO/UAZ_VUAZ-2622/VUAZ-2622	"there are so many crop production indices, hard to choose"
wm/concept/agriculture/crop_production	wm/concept/agriculture/crop/ wm/process/production	FAO Crop Data	null	DOJO/1981ffb6-0e07-4c46-acba-2e6e35758438/Production Value		DOJO/bf8a23c8-c2f9-4523-93c2-b645d5a2c7d5/production		DOJO/928ddd70-0266-49d7-ba10-704389eaf1b0/production																		"{""id"":""UAZ_VUAZ-6985"", ,""name"":""University of Arizona Indicators """	",""display_name"":""WDI: Crop production index[2004-2006 = 100]"", ,""description"":""WDI: Crop production index[2004-2006 = 100]"""		"{""id"":""WDI_crop_production_index_2004_2006_100"", ,""name"":""World Development Indicators"""	",""display_name"":""Crop production index (2004-2006 = 100)"", ,""description"":""SOURCE NOTE: Crop production index shows agricultural production for each year relative to the base period 2004-2006. It includes all crops except fodder crops. Regional and income group aggregates for the FAO's production indexes are calculated from the underlying values in international dollars, normalized to the base period 2004-2006.\\nSOURCE ORGANIZATION: Food and Agriculture Organization, electronic files and web site."""		"{""id"":""1981ffb6-0e07-4c46-acba-2e6e35758438"", ,""name"":""FAOSTAT Crop Production Data - East Africa - 2010-2019 (FAOSTAT_Crop_Production_data_East-Africa.xlsx)"""	",""display_name"":""Crop Production Value"", ,""description"":""crop production value"""			as above									
wm/concept/agriculture/poultry/bird_condition_healthy	wm/concept/agriculture/poultry/bird_condition_healthy	"Horses (Stocks, units = Head)"	null	DOJO/b110fa97-ede6-4d5a-8d15-c5f61275a517/Chickens (per 1000\/ head) 	",""description"":""chicken stocks counts in 1000/ head unit.  fao \""chicken item\"" definition:   \""fowl (gallus domesticus); guinea fowl (numida meleagris. domesticated birds only. data are expressed in thousands.\"""""	DOJO/UAZ_VUAZ-5910/VUAZ-5910	",""description"":""FAO: Export Value, Animals live nes[1000 US$]"""	DOJO/UAZ_VUAZ-5979/VUAZ-5979	",""description"":""FAO: Export Quantity, Animals live nes[Head]"""	0	Yes	1	1	BeatsBest	1			0	yes	1	2	BeatsBest	2		1	"{""id"":""UAZ_VUAZ-8161"", ,""name"":""University of Arizona Indicators """	",""display_name"":""CLiMIS: Percentage of poultry loss accounted for by disease[%]"", ,""description"":""CLiMIS: Percentage of poultry loss accounted for by disease[%]"""	DOJO/UAZ_VUAZ-8161/VUAZ-8161							Nothing found about healthy poultry; live poultry would be closest match; live animals (system return) related but is too broad.  Percentage diseased poultry might be regarded as an inverse.	1643ffff-623d-4a21-a07c-b078a2266a3d	Total Diseased Poultry (# Of Diseased Birds)	DOJO/1643ffff-623d-4a21-a07c-b078a2266a3d/Total Diseased Poultry (# of diseased birds)							"Note, output 1 is an ""opposite"" indicator"
wm/concept/agriculture/poultry/bird_condition_healthy	wm/concept/agriculture/poultry/bird_condition_healthy	null	null	DOJO/b110fa97-ede6-4d5a-8d15-c5f61275a517/Chickens (per 1000\/ head) 		DOJO/UAZ_VUAZ-5910/VUAZ-5910		DOJO/UAZ_VUAZ-5979/VUAZ-5979																																					
wm/concept/agriculture/poultry/egg_consumption	wm/concept/agriculture/poultry/egg wm/process/consumption	Environment_Emissions_by_Sector_Share of total emissions (SAR)	"DOJO/8a5d4fa8-87e0-4bde-8bd6-908a3bbe5c4e/Milk, Cheese And Eggs"	"DOJO/FAOSTAT_EAfrica_live_animals-PBhattacharya-Aug-21/Milk, whole fresh cow (Yield, units = hg\/An)"		"DOJO/FAOSTAT_EAfrica_live_animals-PBhattacharya-Aug-21/Milk, whole fresh camel (Yield, units = hg\/An)"		"DOJO/FAOSTAT_EAfrica_live_animals-PBhattacharya-Aug-21/Milk, whole fresh goat (Yield, units = hg\/An)"		1	Yes	1	1	No	3		1	2	yes	2	1	BeatsBest	1	1											"Found egg production, import,  export, and price, but not consumption. None of UAZ's returns are about egg consumption. The CauseMos default is about milk, cheese, and egg prices. "	ACC Nutrition Baseline Data 2019 _ woreda	HH Consumption  Eggs 	DOJO/660c86e1-df44-4453-8cbb-08f671b210d6/HH Consumption  Eggs 							
wm/concept/agriculture/poultry/egg_consumption	wm/concept/agriculture/poultry/egg wm/process/consumption	null	"DOJO/8a5d4fa8-87e0-4bde-8bd6-908a3bbe5c4e/Milk, Cheese And Eggs"	"DOJO/FAOSTAT_EAfrica_live_animals-PBhattacharya-Aug-21/Milk, whole fresh cow (Yield, units = hg\/An)"		"DOJO/FAOSTAT_EAfrica_live_animals-PBhattacharya-Aug-21/Milk, whole fresh camel (Yield, units = hg\/An)"		"DOJO/FAOSTAT_EAfrica_live_animals-PBhattacharya-Aug-21/Milk, whole fresh goat (Yield, units = hg\/An)"																																					
wm/concept/agriculture/poultry/egg_marketing	wm/concept/agriculture/poultry/egg wm/concept/economy/marketing	Environment_Emissions_by_Sector_Share of total emissions (SAR)	null	DOJO/UAZ_VUAZ-1887/VUAZ-1887	",""description"":""FAO: Food supply quantity (kg/capita/yr), Groundnuts (in Shell Eq)[kg]"""	DOJO/UAZ_VUAZ-1777/VUAZ-1777	",""description"":""FAO: Food supply quantity (g/capita/day), Groundnuts (in Shell Eq)[g/capita/day]"""	DOJO/UAZ_VUAZ-1999/VUAZ-1999	",""description"":""FAO: Food supply quantity (tonnes), Groundnuts (in Shell Eq)[tonnes]"""	0	No	3	1	No	3			0	no	3	1	No	3												Did not find egg marketing. Egg Export value may be closest. None of UAZ's return are about eggs.	none?									
wm/concept/agriculture/poultry/egg_marketing	wm/concept/agriculture/poultry/egg wm/concept/economy/marketing	null	null	DOJO/UAZ_VUAZ-1887/VUAZ-1887		DOJO/UAZ_VUAZ-1777/VUAZ-1777		DOJO/UAZ_VUAZ-1999/VUAZ-1999																																					
wm/concept/agriculture/poultry/egg_production	wm/concept/agriculture/poultry/egg wm/process/production	Environment_Emissions_by_Sector_Share of total emissions (SAR)	"DOJO/8a5d4fa8-87e0-4bde-8bd6-908a3bbe5c4e/Milk, Cheese And Eggs"	"DOJO/FAOSTAT_EAfrica_crops_primary-PBhattacharya-Aug-21/Mustard seed (Production, units = tonnes)"		"DOJO/FAOSTAT_EAfrica_crops_primary-PBhattacharya-Aug-21/Margarine, short (Production, units = tonnes)"		"DOJO/FAOSTAT_EAfrica_live_animals-PBhattacharya-Aug-21/Milk, whole fresh camel (Production, units = tonnes)"		1	Yes	1	1	BeatsBest	1			1	yes	1	1	BeatsBest/BetterCoverage	1			"{""id"":""UAZ_VUAZ-4915"",""name"":""University of Arizona Indicators "" *This looks wrong*"	",""display_name"":""FAO: Production, Eggs[1000 tonnes]"", ""description"":""FAO: Production, Eggs[1000 tonnes]"""	DOJO/UAZ_VUAZ-4181/VUAZ-4181	"{""id"":""UAZ_VUAZ-4183"",,""name"":""University of Arizona Indicators """	",""display_name"":""FAO: Production, Eggs Primary[tonnes]"", ""description"":""FAO: Production, Eggs Primary[tonnes]"""	DOJO/UAZ_VUAZ-4183/VUAZ-4183	"{""id"":""UAZ_VUAZ-4182"",,""name"":""University of Arizona Indicators """	",""display_name"":""FAO: Production, Eggs[tonnes]"", ""description"":""FAO: Production, Eggs[tonnes]"""	DOJO/UAZ_VUAZ-4182/VUAZ-4182	"No preference among these 3. None of UAZ's returns are about eggs. The Causemos default indicator is  about milk, cheese, and egg prices, not production."	University of Arizona Indicators 	"FAO: Gross Production Value (current million SLC), Eggs, hen, in shell[SLC]"	DOJO/UAZ_VUAZ-2465/VUAZ-2465	University of Arizona Indicators 	"FAO: Production, Eggs, hen, in shell (number)[1000 No]"	DOJO/UAZ_VUAZ-4185/VUAZ-4185	CSA Poultry Data_ AgSS Livestock and Livestock characteristics 2010 - 2018 GC	Total Indigenous Egg Production (Number)	DOJO/1643ffff-623d-4a21-a07c-b078a2266a3d/Total Indigenous Egg Production (Number)	There's also  Total Hybrid Egg production
wm/concept/agriculture/poultry/egg_production	wm/concept/agriculture/poultry/egg wm/process/production	null	"DOJO/8a5d4fa8-87e0-4bde-8bd6-908a3bbe5c4e/Milk, Cheese And Eggs"	"DOJO/FAOSTAT_EAfrica_crops_primary-PBhattacharya-Aug-21/Mustard seed (Production, units = tonnes)"		"DOJO/FAOSTAT_EAfrica_crops_primary-PBhattacharya-Aug-21/Margarine, short (Production, units = tonnes)"		"DOJO/FAOSTAT_EAfrica_live_animals-PBhattacharya-Aug-21/Milk, whole fresh camel (Production, units = tonnes)"																																					
wm/concept/agriculture/poultry/egg_productivity	wm/concept/agriculture/poultry/egg wm/property/productivity	"Horses (Stocks, units = Head)"	"DOJO/8a5d4fa8-87e0-4bde-8bd6-908a3bbe5c4e/Milk, Cheese And Eggs"	DOJO/e7bf7602-58ff-4de3-9197-47480fd2f6e8/Total Improved (Exotic+ Hybrid) 	",""name"":""CSA / ATA Chicken Population"""	DOJO/UAZ_VUAZ-1566/VUAZ-1566	",""description"":""FAO: Fat supply quantity (g/capita/day), Poultry Meat[g/capita/day]"""	DOJO/0ba1b39e-da36-478b-84ef-9ecbd5f5cf93/Hybrid	",""description"":""indigenous chicken population """	1	Yes	1	1	BeatsBest	1			1	yes	1	1	BeatsBest/BetterCoverage	1			"{""id"":""UAZ_VUAZ-3482"""	"""description"":""FAO: Laying, Eggs Primary[1000 Head]"""	DOJO/UAZ_VUAZ-3482/VUAZ-3482	"{""id"":""UAZ_VUAZ-3483"""	"""description"":""FAO: Laying, Eggs, hen, in shell[1000 Head]"	DOJO/UAZ_VUAZ-3483/VUAZ-3483	"{""id"":""19133c16-9b1a-43dc-84b8-fc372c50d34a"""	",""description"":""laying (eggs, hen, in shell) value in 1000 head"""	DOJO/19133c16-9b1a-43dc-84b8-fc372c50d34a/Laying Value	"No preferenceamong these 3.  Only found ""productivity"" in 5 cells.  Three related to human labor prodcutivity and two related to water productivity. Matches found to egg  laying, which seems to be a measure of productivity. UAZ  returns are about chickens, but they do not seem to be about eggs."	CSA Poultry Data_ AgSS Livestock and Livestock characteristics 2010 - 2018 GC	Average Number Of Indigenous Eggs/Hen/ Laying Period	DOJO/1643ffff-623d-4a21-a07c-b078a2266a3d/Average Number of Indigenous Eggs\/Hen\/ Laying Period	CSA Poultry Data_ AgSS Livestock and Livestock characteristics 2010 - 2018 GC	Average Number Of Indigenous Eggs/Hen/ Laying Period	DOJO/1643ffff-623d-4a21-a07c-b078a2266a3d/Average Number of Indigenous Eggs\/Hen\/ Laying Period				
wm/concept/agriculture/poultry/egg_productivity	wm/concept/agriculture/poultry/egg wm/property/productivity	null	"DOJO/8a5d4fa8-87e0-4bde-8bd6-908a3bbe5c4e/Milk, Cheese And Eggs"	DOJO/e7bf7602-58ff-4de3-9197-47480fd2f6e8/Total Improved (Exotic+ Hybrid) 		DOJO/UAZ_VUAZ-1566/VUAZ-1566		DOJO/0ba1b39e-da36-478b-84ef-9ecbd5f5cf93/Hybrid																																					
wm/concept/agriculture/poultry/indigenous_breeds	wm/concept/agriculture/poultry/indigenous_breeds	"Horses (Stocks, units = Head)"	DOJO/0ba1b39e-da36-478b-84ef-9ecbd5f5cf93/Improved (Exotic+ Hybrid) 	DOJO/e7bf7602-58ff-4de3-9197-47480fd2f6e8/Total Indigenous		DOJO/e7bf7602-58ff-4de3-9197-47480fd2f6e8/Indigenous  Cocks		DOJO/e7bf7602-58ff-4de3-9197-47480fd2f6e8/Indigenous   Non-Laying Hens																		"{""id"":""UAZ_VUAZ-4250"",""name"":""University of Arizona Indicators """	",""display_name"":""FAO: Production, Meat indigenous, poultry[tonnes]"",,""description"":""FAO: Production, Meat indigenous, poultry[tonnes]"""		"{""id"":""UAZ_VUAZ-4249"",""name"":""University of Arizona Indicators """	",""display_name"":""FAO: Production, Meat indigenous, poultry[1000 Head]"",""description"":""FAO: Production, Meat indigenous, poultry[1000 Head]"""		"{""id"":""0ba1b39e-da36-478b-84ef-9ecbd5f5cf93"",""name"":""Chicken Population by Breed Type """	",""display_name"":""Indigenous"",""description"":""indigenous chicken population """		"Cheryl: No preference between #1 and #2; both are preferred over #3 because the node specifies ""poultry"" and not ""chicken"""										this is very vague -- what might they be trying to quantify here?
wm/concept/agriculture/poultry/indigenous_breeds	wm/concept/agriculture/poultry/indigenous_breeds	null	DOJO/0ba1b39e-da36-478b-84ef-9ecbd5f5cf93/Improved (Exotic+ Hybrid) 	DOJO/e7bf7602-58ff-4de3-9197-47480fd2f6e8/Total Indigenous	",""name"":""CSA / ATA Chicken Population"""	DOJO/e7bf7602-58ff-4de3-9197-47480fd2f6e8/Indigenous  Cocks	",""name"":""CSA / ATA Chicken Population"""	DOJO/e7bf7602-58ff-4de3-9197-47480fd2f6e8/Indigenous   Non-Laying Hens	",""name"":""CSA / ATA Chicken Population"""	1	Yes	1	3	No	3		1	1	yes	1	1.5	BeatsBest	1.5		1	"{""id"":""UAZ_VUAZ-2624"",,""name"":""University of Arizona Indicators """	",""display_name"":""FAO: Gross per capita Production Index Number (2004-2006 = 100), Meat indigenous, total[Int. $]"", ,""description"":""FAO: Gross per capita Production Index Number (2004-2006 = 100), Meat indigenous, total[Int. $]"""	DOJO/UAZ_VUAZ-2624/VUAZ-2624	"{""id"":""UAZ_VUAZ-3894"", ,""name"":""University of Arizona Indicators """	",""display_name"":""FAO: Net Production Value (constant 2004-2006 1000 I$), Meat indigenous, total[1000 Int. $]"""	DOJO/UAZ_VUAZ-3894/VUAZ-3894	"{""id"":""UAZ_VUAZ-2184"", ,""name"":""University of Arizona Indicators """	",""display_name"":""FAO: Gross Production Index Number (2004-2006 = 100), Meat indigenous, total[Int. $]"", ,""description"":""FAO: Gross Production Index Number (2004-2006 = 100), Meat indigenous, total[Int. $]"""	DOJO/UAZ_VUAZ-2184/VUAZ-2184	"Cheryl did not find any data for live indigenous animals.  All 7 matches are to meat from indigenous breeds.  No preference wrt #1, 2#, #3  UAZ returns are good."	Chicken Population by Breed Type 	Indigenous	DOJO/0ba1b39e-da36-478b-84ef-9ecbd5f5cf93/Indigenous	CSA Poultry Data_ AgSS Livestock and Livestock characteristics 2010 - 2018 GC	poultry inventory. 	DOJO/1643ffff-623d-4a21-a07c-b078a2266a3d/Total Poultry	CSA / ATA Chicken Population	Total Indigenous	DOJO/e7bf7602-58ff-4de3-9197-47480fd2f6e8/Total Indigenous	
wm/concept/agriculture/poultry/poultry	wm/concept/agriculture/poultry/poultry	"Beans, dry (Area harvested, units = ha)"	null	DOJO/UAZ_VUAZ-4183/VUAZ-4183		DOJO/UAZ_VUAZ-3482/VUAZ-3482		DOJO/UAZ_VUAZ-4914/VUAZ-4914																																					
wm/concept/agriculture/poultry/poultry_consumption	wm/concept/agriculture/poultry/poultry wm/process/consumption	"Horses (Stocks, units = Head)"	null	DOJO/UAZ_VUAZ-1700/VUAZ-1700		DOJO/UAZ_VUAZ-1812/VUAZ-1812		DOJO/UAZ_VUAZ-2036/VUAZ-2036																																					
wm/concept/agriculture/poultry/poultry_death	wm/concept/agriculture/poultry/poultry wm/process/population/death	"Horses (Stocks, units = Head)"	null	DOJO/UAZ_VUAZ-7455/VUAZ-7455		DOJO/UAZ_VUAZ-8078/VUAZ-8078		DOJO/UAZ_VUAZ-8079/VUAZ-8079																																					
wm/concept/agriculture/poultry/poultry_death	wm/concept/agriculture/poultry/poultry wm/process/population/death	null	null	DOJO/UAZ_VUAZ-7455/VUAZ-7455		DOJO/UAZ_VUAZ-8078/VUAZ-8078		DOJO/UAZ_VUAZ-8079/VUAZ-8079																																					
wm/concept/agriculture/poultry/poultry_feed	wm/concept/agriculture/poultry/poultry wm/concept/goods/agricultural/feed	Environment_Emissions_by_Sector_Share of total emissions (SAR)	null	DOJO/UAZ_VUAZ-2145/VUAZ-2145	",""description"":""FAO: Food, Poultry Meat[1000 tonnes]"""	DOJO/UAZ_VUAZ-4882/VUAZ-4882	",""description"":""FAO: Stocks, Poultry Birds[Head]"""	DOJO/UAZ_VUAZ-4349/VUAZ-4349	",""description"":""FAO: Production, Poultry Meat[1000 tonnes]"""	0	Yes	1	1	No	3		1	0	yes	1	1	BeatsBest/BetterCoverage	1			"{""id"":""UAZ_VUAZ-5102"", ,""name"":""University of Arizona Indicators """	",""display_name"":""FAO: Import Quantity, Fodder & Feeding stuff[tonnes]"", ,""description"":""FAO: Import Quantity, Fodder & Feeding stuff[tonnes]"""	DOJO/UAZ_VUAZ-5102/VUAZ-5102	"{""id"":""UAZ_VUAZ-1205"", ,""name"":""University of Arizona Indicators """	",""display_name"":""FAO: Export Quantity, Fodder & Feeding stuff[tonnes]"", ,""description"":""FAO: Export Quantity, Fodder & Feeding stuff[tonnes]"""	DOJO/UAZ_VUAZ-1205/VUAZ-1205				"Cheryl found no matches to ""poultry feed."" Some matches to ""fodder,"" but might be cattle fodder. Chose import/export quantiy rather than import/export value, and excluded balers/straw, which are probably for cattle, not poultry. UAZ returns are about poultry but not about feed. "	University of Arizona Indicators 	"FAO: Feed, Maize and products[1000 tonnes]"	DOJO/UAZ_VUAZ-1606/VUAZ-1606	Agricultural Market Information System (AMIS)	Feed Use	DOJO/AMIS/feed_use	World Development Indicators	Cereal yield (kg per hectare)	DOJO/WDI_cereal_yield_kg_per_hectare/cereal_yield_kg_per_hectare	
wm/concept/agriculture/poultry/poultry_feed	wm/concept/agriculture/poultry/poultry wm/concept/goods/agricultural/feed	null	null	DOJO/UAZ_VUAZ-2145/VUAZ-2145		DOJO/UAZ_VUAZ-4882/VUAZ-4882		DOJO/UAZ_VUAZ-4349/VUAZ-4349																																					
wm/concept/agriculture/poultry/poultry_feed_price_or_cost	wm/concept/agriculture/poultry/poultry wm/concept/goods/agricultural/feed wm/property/price_or_cost	Environment_Emissions_by_Sector_Share of total emissions (SAR)	null	DOJO/UAZ_VUAZ-1700/VUAZ-1700		DOJO/UAZ_VUAZ-5920/VUAZ-5920		DOJO/UAZ_VUAZ-5895/VUAZ-5895																																					
wm/concept/agriculture/poultry/poultry_feed_price_or_cost	wm/concept/agriculture/poultry/poultry wm/concept/goods/agricultural/feed wm/property/price_or_cost	null	null	DOJO/UAZ_VUAZ-1700/VUAZ-1700		DOJO/UAZ_VUAZ-5920/VUAZ-5920		DOJO/UAZ_VUAZ-5895/VUAZ-5895																																					
wm/concept/agriculture/poultry/poultry_flock_size	wm/concept/agriculture/poultry/poultry wm/concept/agriculture/poultry/flock_size	Environment_Emissions_by_Sector_Share of total emissions (SAR)	null	DOJO/e7bf7602-58ff-4de3-9197-47480fd2f6e8/Indigenous  Cocks		DOJO/e7bf7602-58ff-4de3-9197-47480fd2f6e8/Indigenous   Chicks		DOJO/e7bf7602-58ff-4de3-9197-47480fd2f6e8/Indigenous  Cockerels																																					
wm/concept/agriculture/poultry/poultry_flock_size	wm/concept/agriculture/poultry/poultry wm/concept/agriculture/poultry/flock_size	"Horses (Stocks, units = Head)"	null	DOJO/e7bf7602-58ff-4de3-9197-47480fd2f6e8/Indigenous  Cocks	",""name"":""CSA / ATA Chicken Population"""	DOJO/e7bf7602-58ff-4de3-9197-47480fd2f6e8/Indigenous   Chicks	",""name"":""CSA / ATA Chicken Population"""	DOJO/e7bf7602-58ff-4de3-9197-47480fd2f6e8/Indigenous  Cockerels	",""name"":""CSA / ATA Chicken Population"""	0	No	3	2	No	3			0	no	3	1.5	No	3												"Cheryl found no matches to ""flock."" UAZ returns are about poulation size, possibly related but probably no what is meant."										couldn't find anything
wm/concept/agriculture/poultry/poultry_flock_size	wm/concept/agriculture/poultry/poultry wm/concept/agriculture/poultry/flock_size	null	null	DOJO/e7bf7602-58ff-4de3-9197-47480fd2f6e8/Indigenous  Cocks		DOJO/e7bf7602-58ff-4de3-9197-47480fd2f6e8/Indigenous   Chicks		DOJO/e7bf7602-58ff-4de3-9197-47480fd2f6e8/Indigenous  Cockerels																																					
wm/concept/agriculture/poultry/poultry_management	wm/concept/agriculture/poultry/poultry wm/process/management	"Horses (Stocks, units = Head)"	null	DOJO/e7bf7602-58ff-4de3-9197-47480fd2f6e8/Total Improved (Exotic+ Hybrid) 		DOJO/0ba1b39e-da36-478b-84ef-9ecbd5f5cf93/ Exotic		DOJO/UAZ_VUAZ-5895/VUAZ-5895																																					
wm/concept/agriculture/poultry/poultry_management	wm/concept/agriculture/poultry/poultry wm/process/management	null	null	DOJO/e7bf7602-58ff-4de3-9197-47480fd2f6e8/Total Improved (Exotic+ Hybrid) 		DOJO/0ba1b39e-da36-478b-84ef-9ecbd5f5cf93/ Exotic		DOJO/UAZ_VUAZ-5895/VUAZ-5895																																					
wm/concept/agriculture/poultry/poultry_marketing	wm/concept/agriculture/poultry/poultry wm/concept/economy/marketing	Environment_Emissions_by_Sector_Share of total emissions (SAR)	null	DOJO/UAZ_VUAZ-1700/VUAZ-1700		DOJO/UAZ_VUAZ-5920/VUAZ-5920		DOJO/UAZ_VUAZ-5895/VUAZ-5895																																					
wm/concept/agriculture/poultry/poultry_marketing	wm/concept/agriculture/poultry/poultry wm/concept/economy/marketing	"Horses (Stocks, units = Head)"	null	DOJO/UAZ_VUAZ-1700/VUAZ-1700	",""description"":""FAO: Food supply (kcal/capita/day), Poultry Meat[kcal/capita/day]"""	DOJO/UAZ_VUAZ-5920/VUAZ-5920	",""description"":""FAO: Export Value, Meat Poultry Fresh[1000 US$]"""	DOJO/UAZ_VUAZ-5895/VUAZ-5895	",""description"":""FAO: Export Quantity, Meat Poultry Fresh[tonnes]"""	0	Node Issue	N/A	1	Node issue	N/A			0	yes	1	1.5	BetterCoverage	3		1	"{""id"":""UAZ_VUAZ-8221"", ,""name"":""University of Arizona Indicators """	",""display_name"":""CLiMIS: Average number of poultry sold per household during last 4 weeks household"", ,""description"":""CLiMIS: Average number of poultry sold per household during last 4 weeks household"""	DOJO/UAZ_VUAZ-8221/VUAZ-8221							"Not sure what is meant by ""marketing"" -- just sales proper, or other aspects of buying and selling, including promotion, etc. Also,  at the household level or country level (import/export)? UAZ returns are about poultry meat.  Node seems to be about live poultry. "	CSA Poultry Data_ AgSS Livestock and Livestock characteristics 2010 - 2018 GC	Total Number Of Poulty Sales (# Of Birds Sold)	DOJO/1643ffff-623d-4a21-a07c-b078a2266a3d/Total Number of Poulty Sales (# of birds sold)							"couldn't find marketing; the export indicators from UAZ are not terrible given the choices available, I put better coverage because I think maybe the best set would have been Cheryl's, Robyn's, and one of the UAZ export indicators"
wm/concept/agriculture/poultry/poultry_marketing	wm/concept/agriculture/poultry/poultry wm/concept/economy/marketing	null	null	DOJO/UAZ_VUAZ-1700/VUAZ-1700		DOJO/UAZ_VUAZ-5920/VUAZ-5920		DOJO/UAZ_VUAZ-5895/VUAZ-5895																																					
wm/concept/agriculture/poultry/poultry_meat_availability	wm/concept/agriculture/poultry/poultry wm/concept/goods/agricultural/meat wm/property/availability	"Horses (Stocks, units = Head)"	null	DOJO/UAZ_VUAZ-5920/VUAZ-5920		DOJO/UAZ_VUAZ-5895/VUAZ-5895		DOJO/UAZ_VUAZ-2890/VUAZ-2890																																					
wm/concept/agriculture/poultry/poultry_price_or_cost	wm/concept/agriculture/poultry/poultry wm/property/price_or_cost	null	null	DOJO/e7bf7602-58ff-4de3-9197-47480fd2f6e8/Total Improved (Exotic+ Hybrid) 		DOJO/UAZ_VUAZ-2036/VUAZ-2036		DOJO/UAZ_VUAZ-1812/VUAZ-1812																																					
wm/concept/agriculture/poultry/poultry_production	wm/concept/agriculture/poultry/poultry wm/process/production	"Beans, dry (Production, units = tonnes)"	null	DOJO/0ba1b39e-da36-478b-84ef-9ecbd5f5cf93/Hybrid		DOJO/0ba1b39e-da36-478b-84ef-9ecbd5f5cf93/ Exotic		DOJO/e7bf7602-58ff-4de3-9197-47480fd2f6e8/Total Improved (Exotic+ Hybrid) 																																					
wm/concept/agriculture/poultry/poultry_production	wm/concept/agriculture/poultry/poultry wm/process/production	Environment_Emissions_by_Sector_Share of total emissions (SAR)	null	DOJO/0ba1b39e-da36-478b-84ef-9ecbd5f5cf93/Hybrid	",""description"":""indigenous chicken population """	DOJO/0ba1b39e-da36-478b-84ef-9ecbd5f5cf93/ Exotic	",""description"":""indigenous chicken population """	DOJO/e7bf7602-58ff-4de3-9197-47480fd2f6e8/Total Improved (Exotic+ Hybrid) 	",""name"":""CSA / ATA Chicken Population"""	0	Yes	1	1	BeatsBest	1			0	yes	1	1	BeatsBest/BetterCoverage	1			"{""id"":""UAZ_VUAZ-4349"", ,""name"":""University of Arizona Indicators """	",""display_name"":""FAO: Production, Poultry Meat[1000 tonnes]"", ,""description"":""FAO: Production, Poultry Meat[1000 tonnes]"""	DOJO/UAZ_VUAZ-4349/VUAZ-4349	"{""id"":""UAZ_VUAZ-2145"", ,""name"":""University of Arizona Indicators """	",""display_name"":""FAO: Food, Poultry Meat[1000 tonnes]"", ,""description"":""FAO: Food, Poultry Meat[1000 tonnes]"""	DOJO/UAZ_VUAZ-2145/VUAZ-2145	"{""id"":""UAZ_VUAZ-4250"", ,""name"":""University of Arizona Indicators """	",""display_name"":""FAO: Production, Meat indigenous, poultry[tonnes]"", ,""description"":""FAO: Production, Meat indigenous, poultry[tonnes]"""	DOJO/UAZ_VUAZ-4250/VUAZ-4250	"More than 3 indicators mention poultry production. It is not clear that any of the system returns is about production, and there is no system default."	University of Arizona Indicators 	"FAO: Production, Poultry Meat[1000 tonnes]"	DOJO/UAZ_VUAZ-4349/VUAZ-4349	University of Arizona Indicators 	"FAO: Stocks, Poultry Birds[1000 Head]"	DOJO/UAZ_VUAZ-4881/VUAZ-4881	University of Arizona Indicators 	CLiMIS: Average current stock of poultry per household	DOJO/UAZ_VUAZ-8205/VUAZ-8205	
wm/concept/agriculture/poultry/poultry_production	wm/concept/agriculture/poultry/poultry wm/process/production	null	null	DOJO/0ba1b39e-da36-478b-84ef-9ecbd5f5cf93/Hybrid		DOJO/0ba1b39e-da36-478b-84ef-9ecbd5f5cf93/ Exotic		DOJO/e7bf7602-58ff-4de3-9197-47480fd2f6e8/Total Improved (Exotic+ Hybrid) 																																					
wm/concept/agriculture/poultry/poultry_productivity	wm/concept/agriculture/poultry/poultry wm/property/productivity	Environment_Emissions_by_Sector_Share of total emissions (SAR)	null	DOJO/UAZ_VUAZ-5920/VUAZ-5920		DOJO/UAZ_VUAZ-5895/VUAZ-5895		DOJO/UAZ_VUAZ-4350/VUAZ-4350																																					
wm/concept/agriculture/poultry/poultry_productivity	wm/concept/agriculture/poultry/poultry wm/property/productivity	"Horses (Stocks, units = Head)"	null	DOJO/UAZ_VUAZ-5920/VUAZ-5920		DOJO/UAZ_VUAZ-5895/VUAZ-5895		DOJO/UAZ_VUAZ-4350/VUAZ-4350																																					
wm/concept/agriculture/poultry/poultry_productivity	wm/concept/agriculture/poultry/poultry wm/property/productivity	null	null	DOJO/UAZ_VUAZ-5920/VUAZ-5920		DOJO/UAZ_VUAZ-5895/VUAZ-5895		DOJO/UAZ_VUAZ-4350/VUAZ-4350																																					
wm/concept/agriculture/poultry/poultry_slaughterhouse	wm/concept/agriculture/poultry/poultry wm/concept/infrastructure/agriculture/slaughterhouse	"Horses (Stocks, units = Head)"	null	DOJO/UAZ_VUAZ-4881/VUAZ-4881	"description:""FAO: Stocks, Poultry Birds[1000 Head]"""	DOJO/UAZ_VUAZ-4882/VUAZ-4882	"""description"":""FAO: Stocks, Poultry Birds[Head]"""	DOJO/UAZ_VUAZ-2145/VUAZ-2145	",""description"":""FAO: Food, Poultry Meat[1000 tonnes]"""	0	Node Issue	N/A	1	Node Issue	N/A			0	yes	1	1	BeatsBest/BetterCoverage	1			"{""id"":""UAZ_VUAZ-8164"", ,""name"":""University of Arizona Indicators """	",""display_name"":""CLiMIS: Percentage of poultry loss accounted for by slaughter[%]"", ,""description"":""CLiMIS: Percentage of poultry loss accounted for by slaughter[%]"""	DOJO/UAZ_VUAZ-8164/VUAZ-8164	"{""id"":""UAZ_VUAZ-4097"", ,""name"":""University of Arizona Indicators """	",""display_name"":""FAO: Producing Animals/Slaughtered, Meat, Poultry[1000 Head]"", ,""description"":""FAO: Producing Animals/Slaughtered, Meat, Poultry[1000 Head]"""	DOJO/UAZ_VUAZ-4097/VUAZ-4097	"{""id"":""UAZ_VUAZ-8233"", ,""name"":""University of Arizona Indicators """	",""display_name"":""CLiMIS: Average number of poultry died/slaughtered/lost per  household during last 4 weeks"", ,""description"":""CLiMIS: Average number of poultry died/slaughtered/lost per  household during last 4 weeks"""	DOJO/UAZ_VUAZ-8233/VUAZ-8233	"Cheryl wonders if this node refers to the number of slaughterhouses, or the number of poultry taken to the slaughterhouse, or soemthing else.  Cheryl found no data variable matches to ""slaughterhouse,""  but a few that mention slaughtered poultry. UAZ returns are about poultry, but they do not appear to be about slaughter"	University of Arizona Indicators 	"FAO: Producing Animals/Slaughtered, Meat, Poultry[1000 Head]"	DOJO/UAZ_VUAZ-4097/VUAZ-4097	CSA Poultry Data_ AgSS Livestock and Livestock characteristics 2010 - 2018 GC	Total Number Of Slaughters (# Of Birds Slaughtered)	DOJO/1643ffff-623d-4a21-a07c-b078a2266a3d/Total Number of Slaughters (# of birds slaughtered)				"I think they really want slaughter infrastructure here, not number slaughtered?  I think it's a vague node, but not a 'node issue' node"
wm/concept/crisis_or_disaster/environmental/drought	wm/concept/crisis_or_disaster/environmental/drought	null	DOJO/4ef01bb2-55ab-445a-afec-00d18106eabe/Temperature   (Celsius)	DOJO/8a5d4fa8-87e0-4bde-8bd6-908a3bbe5c4e/rainfall		DOJO/eab42bf4-c229-49be-b25e-92387ca2484b/Data_long_term_Average		"DOJO/d957d75b-c803-45e1-8ab1-7f115561dd84/(mm) Precipitation (CHIRPS) at Kenya, 2016-01-01 to 2021-02-28"																																					
wm/concept/economy/economy	wm/concept/economy/economy	GDP Per Capita Growth (Annual %)	"DOJO/UAZ_VUAZ-2315/FAO: Gross Production Value (constant 2004-2006 million SLC), Meat indigenous, pig[SLC]"	DOJO/WDI_domestic_general_government_health_expenditure_of_current_health_expenditure/domestic_general_government_health_expenditure_of_current_health_expenditure		DOJO/WDI_proportion_of_population_spending_more_than_10_of_household_consumption_or_income_on_out_of_pocket_health_care_expenditure/proportion_of_population_spending_more_than_10_of_household_consumption_or_income_on_out_of_pocket_health_care_expenditure		DOJO/WDI_proportion_of_population_spending_more_than_25_of_household_consumption_or_income_on_out_of_pocket_health_care_expenditure/proportion_of_population_spending_more_than_25_of_household_consumption_or_income_on_out_of_pocket_health_care_expenditure																																					
wm/concept/economy/income	wm/concept/economy/income	GDP Per Capita Growth (Annual %)	DOJO/7dbba64c-d0d2-44a9-aed5-d3c746b78605/Household Uuid	DOJO/UAZ_VUAZ-6832/VUAZ-6832		DOJO/WDI_net_primary_income_net_income_from_abroad_current_us/net_primary_income_net_income_from_abroad_current_us		DOJO/WDI_net_primary_income_net_income_from_abroad_constant_lcu/net_primary_income_net_income_from_abroad_constant_lcu																																					
wm/concept/economy/income	wm/concept/economy/income	null	DOJO/7dbba64c-d0d2-44a9-aed5-d3c746b78605/Household Uuid	DOJO/UAZ_VUAZ-6832/VUAZ-6832		DOJO/WDI_net_primary_income_net_income_from_abroad_current_us/net_primary_income_net_income_from_abroad_current_us		DOJO/WDI_net_primary_income_net_income_from_abroad_constant_lcu/net_primary_income_net_income_from_abroad_constant_lcu																																					
wm/concept/economy/marketing_information	wm/concept/economy/marketing wm/concept/information/	"Beans, dry (Yield, units = hg/ha)"	null	DOJO/WDI_ict_goods_imports_total_goods_imports/ict_goods_imports_total_goods_imports		DOJO/WDI_ict_goods_exports_of_total_goods_exports/ict_goods_exports_of_total_goods_exports		DOJO/WDI_ict_service_exports_bop_current_us/ict_service_exports_bop_current_us		0	Node Issue	N/A	2	Node Issue	N/A			0	Node Issue	N/A	1.5	Node Issue	N/A			"{""id"":""WDI_market_capitalization_of_listed_domestic_companies_current_us"", ,""name"":""World Development Indicators"""	",""display_name"":""Market capitalization of listed domestic companies (current US$)"", ,""description"":""SOURCE NOTE: Market capitalization (also known as market value) is the share price times the number of shares outstanding (including their several classes) for listed domestic companies. Investment funds, unit trusts, and companies whose only business goal is to hold shares of other listed companies are excluded. Data are end of year values converted to U.S. dollars using corresponding year-end foreign exchange rates.\\nSOURCE ORGANIZATION: World Federation of Exchanges database."""	DOJO/WDI_market_capitalization_of_listed_domestic_companies_current_us/market_capitalization_of_listed_domestic_companies_current_us	"{""id"":""WDI_market_capitalization_of_listed_domestic_companies_of_gdp"", ,""name"":""World Development Indicators"""	",""display_name"":""Market capitalization of listed domestic companies (% of GDP)"", ,""description"":""SOURCE NOTE: Market capitalization (also known as market value) is the share price times the number of shares outstanding (including their several classes) for listed domestic companies. Investment funds, unit trusts, and companies whose only business goal is to hold shares of other listed companies are excluded. Data are end of year values.\\nSOURCE ORGANIZATION: World Federation of Exchanges database."""	DOJO/WDI_market_capitalization_of_listed_domestic_companies_of_gdp/market_capitalization_of_listed_domestic_companies_of_gdp	"{""id"":""WDI_price_level_ratio_of_ppp_conversion_factor_gdp_to_market_exchange_rate"", ,""name"":""World Development Indicators"""	",""outputs"":[{""name"":""price_level_ratio_of_ppp_conversion_factor_gdp_to_market_exchange_rate"", ,""display_name"":""Price level ratio of PPP conversion factor (GDP) to market exchange rate"""	DOJO/WDI_price_level_ratio_of_ppp_conversion_factor_gdp_to_market_exchange_rate/price_level_ratio_of_ppp_conversion_factor_gdp_to_market_exchange_rate	"Node concept is quite vague. ""Marketing information"" covers a wide range of topics (markets, customers, competitors, products, etc.). User probably wanted information relevant to a particula region (Ethiopia)  and most  likely related to poultry.  UAZ returns may be relevant. "										could not find; not really sure what this means -- education for poultry farmers on marketing?
wm/concept/economy/purchasing_power	wm/concept/economy/purchasing_power	GDP Per Capita Growth (Annual %)	"DOJO/UAZ_VUAZ-5844/FAO: Emissions (N2O) (Energy), Energy for power irrigation[Gigagrams]"	DOJO/WDI_pump_price_for_diesel_fuel_us_per_liter/pump_price_for_diesel_fuel_us_per_liter		DOJO/WDI_pump_price_for_gasoline_us_per_liter/pump_price_for_gasoline_us_per_liter		DOJO/bd7f6184-35bd-4c6c-a490-dd2a365dc358/cm_name																																					
wm/concept/economy/small_farmers	wm/concept/economy/small_farmers	null	"DOJO/7c8675bf-221c-4a2e-a162-8f762c4a4de3/Staple Grains (Teff, Wheat, Maize, Barley, Sorgum)  Etb Per 100 Kg, Local Retail Price "	DOJO/UAZ_VUAZ-3492/VUAZ-3492		DOJO/UAZ_VUAZ-5315/VUAZ-5315		DOJO/UAZ_VUAZ-5490/VUAZ-5490																																					
wm/concept/economy/small_farmers_person_or_group	wm/concept/economy/small_farmers wm/concept/entity/people/person_or_group	Security Effectiveness (seceff)	null	DOJO/WDI_contributing_family_workers_female_of_female_employment_modeled_ilo_estimate/contributing_family_workers_female_of_female_employment_modeled_ilo_estimate		DOJO/WDI_contributing_family_workers_male_of_male_employment_modeled_ilo_estimate/contributing_family_workers_male_of_male_employment_modeled_ilo_estimate		DOJO/WDI_contributing_family_workers_total_of_total_employment_modeled_ilo_estimate/contributing_family_workers_total_of_total_employment_modeled_ilo_estimate																																					
wm/concept/entity/locations/location	wm/concept/entity/locations/location	Even Split Commitments	DOJO/b6857933-3449-4b5d-9499-5e58c4a56771/Country	DOJO/8077f0b2-c15c-4b0d-af81-91090d82e5f4/country		DOJO/WDI_rural_land_area_where_elevation_is_below_5_meters_sq_km/rural_land_area_where_elevation_is_below_5_meters_sq_km		DOJO/WDI_urban_land_area_where_elevation_is_below_5_meters_sq_km/urban_land_area_where_elevation_is_below_5_meters_sq_km																																					
wm/concept/entity/people/household_income	wm/concept/entity/people/household wm/concept/economy/income	People (Millions)	DOJO/7dbba64c-d0d2-44a9-aed5-d3c746b78605/Household Uuid	DOJO/WDI_net_primary_income_net_income_from_abroad_constant_lcu/net_primary_income_net_income_from_abroad_constant_lcu		DOJO/WDI_net_primary_income_net_income_from_abroad_current_us/net_primary_income_net_income_from_abroad_current_us		DOJO/WDI_net_primary_income_net_income_from_abroad_current_lcu/net_primary_income_net_income_from_abroad_current_lcu		3	No	3	1	BeatsBest	1	1		1	yes	1	1	BeatsBest/BetterCoverage	1			"{""id"":""7dbba64c-d0d2-44a9-aed5-d3c746b78605"", ,""name"":""Lsms_income_data_2018"""	",""description"":""Total income of households in the year 2018"" *This is not a variable*"	DOJO/7dbba64c-d0d2-44a9-aed5-d3c746b78605/Total Income							"CauseMos default is household income for Ethiopia.  Most indicator matches to ""income"" refer to national income. Several databases report nationaI income per capita. UAZ returns are about (nation's) income from abroad"	Lsms_income_data_2018	Total Income	DOJO/7dbba64c-d0d2-44a9-aed5-d3c746b78605/Total Income	University of Arizona Indicators 	"WDI: Net primary income[BoP, current US$]"	DOJO/UAZ_VUAZ-7442/VUAZ-7442	OECD dataset	Household disposable income	DOJO/OECD/household_disposable_income	"OECD Data not relevant to appropriate region.  Causemos return is the wrong output from a relevant dataset (household UUID provided, Total Income is the relevant output)"
wm/concept/entity/people/household_income	wm/concept/entity/people/household wm/concept/economy/income	null	DOJO/7dbba64c-d0d2-44a9-aed5-d3c746b78605/Household Uuid	DOJO/WDI_net_primary_income_net_income_from_abroad_constant_lcu/net_primary_income_net_income_from_abroad_constant_lcu		DOJO/WDI_net_primary_income_net_income_from_abroad_current_us/net_primary_income_net_income_from_abroad_current_us		DOJO/WDI_net_primary_income_net_income_from_abroad_current_lcu/net_primary_income_net_income_from_abroad_current_lcu																																					
wm/concept/environment/higher_temperatures	wm/concept/environment/higher_temperatures	S1: Demographic Pressures	DOJO/fde6ce9f-1470-4833-b2e2-8863956aa86a/Dipole Mode Index (DMI)	DOJO/df1a7e98-0343-4da1-8cb6-be0b0bffaedc/climatology-tas-annual-mean		DOJO/ef16ffcc-2cbb-40e3-b15b-e86a4416b33b/climatology-tas-monthly-mean		DOJO/45f902e9-a080-4ee3-ad43-f6b8f24b1420/climatology-tas-monthly-mean																																					
wm/concept/environment/higher_temperatures	wm/concept/environment/higher_temperatures	null	DOJO/fde6ce9f-1470-4833-b2e2-8863956aa86a/Dipole Mode Index (DMI)	DOJO/df1a7e98-0343-4da1-8cb6-be0b0bffaedc/climatology-tas-annual-mean		DOJO/ef16ffcc-2cbb-40e3-b15b-e86a4416b33b/climatology-tas-monthly-mean		DOJO/45f902e9-a080-4ee3-ad43-f6b8f24b1420/climatology-tas-monthly-mean																																					
wm/concept/goods/agricultural/feed_marketing	wm/concept/goods/agricultural/feed wm/concept/economy/marketing	Feed Use	null	DOJO/UAZ_VUAZ-1700/VUAZ-1700		DOJO/UAZ_VUAZ-1812/VUAZ-1812		DOJO/UAZ_VUAZ-1923/VUAZ-1923																																					
wm/concept/goods/agricultural/feed_marketing	wm/concept/goods/agricultural/feed wm/concept/economy/marketing	null	null	DOJO/UAZ_VUAZ-1700/VUAZ-1700	",""description"":""FAO: Food supply (kcal/capita/day), Poultry Meat[kcal/capita/day]"""	DOJO/UAZ_VUAZ-1812/VUAZ-1812	"""description"":""FAO: Food supply quantity (g/capita/day), Poultry Meat[g/capita/day]"""	DOJO/UAZ_VUAZ-1923/VUAZ-1923	",""description"":""FAO: Food supply quantity (kg/capita/yr), Poultry Meat[kg]"""	0	No	3	1	BeatsBest	1	1		0	No	3	1	no	3			"{""id"":""UAZ_VUAZ-5147"", ,""name"":""University of Arizona Indicators """	",""display_name"":""FAO: Import Value, Fodder & Feeding stuff[1000 US$]"", ,""description"":""FAO: Import Value, Fodder & Feeding stuff[1000 US$]"""	DOJO/UAZ_VUAZ-5147/VUAZ-5147	"{""id"":""UAZ_VUAZ-5559"", ,""name"":""University of Arizona Indicators """	",""display_name"":""FAO: Export Value, Feed, vegetable products nes[1000 US$]"", ,""description"":""FAO: Export Value, Feed, vegetable products nes[1000 US$]"""	DOJO/UAZ_VUAZ-5559/VUAZ-5559	"{""id"":""UAZ_VUAZ-6297"", ,""name"":""University of Arizona Indicators """	",""display_name"":""FAO: Export Quantity, Feed and meal, gluten[tonnes]"", ,""description"":""FAO: Export Quantity, Feed and meal, gluten[tonnes]"""	DOJO/UAZ_VUAZ-6297/VUAZ-6297	"""Marketing"" is a broad concept. Does this node represent feed sales, or  market opportunities for feed, or something else? WM datasets related to feed cover input value, input quantity, export quanitity, production/supply.  ""Feed"" refers to nutritive material given to animals, not to animals as food (e.g., poultry meat). All three UAZ returns refer to poultry meat, not feed."										nothing about marketing really at all
wm/concept/goods/agricultural/feed_production	wm/concept/goods/agricultural/feed wm/process/production	Production in quintal	null	DOJO/WDI_cereal_production_metric_tons/cereal_production_metric_tons		DOJO/WDI_land_under_cereal_production_hectares/land_under_cereal_production_hectares		DOJO/UAZ_VUAZ-6001/VUAZ-6001																																					
wm/concept/goods/agricultural/feed_production	wm/concept/goods/agricultural/feed wm/process/production	null	null	DOJO/WDI_cereal_production_metric_tons/cereal_production_metric_tons		DOJO/WDI_land_under_cereal_production_hectares/land_under_cereal_production_hectares		DOJO/UAZ_VUAZ-6001/VUAZ-6001																																					
wm/concept/goods/food	wm/concept/goods/food	null	DOJO/8a5d4fa8-87e0-4bde-8bd6-908a3bbe5c4e/Bread And Cereals	DOJO/UAZ_VUAZ-4442/VUAZ-4442		DOJO/UAZ_VUAZ-4971/VUAZ-4971		DOJO/UAZ_VUAZ-4367/VUAZ-4367																																					
wm/concept/goods/fuel_emissions	wm/concept/goods/fuel wm/concept/environment/emissions	Emissions_Land_Use_Land_Use_Total_Net emissions/removals (CO2eq)	DOJO/OECD/CO2 emissions from fuel combustion	DOJO/UAZ_VUAZ-828/VUAZ-828		DOJO/UAZ_VUAZ-829/VUAZ-829		DOJO/UAZ_VUAZ-1055/VUAZ-1055																																					
wm/concept/goods/fuel_emissions	wm/concept/goods/fuel wm/concept/environment/emissions	null	DOJO/OECD/CO2 emissions from fuel combustion	DOJO/UAZ_VUAZ-828/VUAZ-828	",""description"":""FAO: Emissions (CO2eq) (Manure management), Chickens, broilers[gigagrams]"""	DOJO/UAZ_VUAZ-829/VUAZ-829	",""description"":""FAO: Emissions (CO2eq) (Manure management), Chickens, layers[gigagrams]"""	DOJO/UAZ_VUAZ-1055/VUAZ-1055	",""description"":""FAO: Emissions (N2O) (Manure applied), Chickens, broilers[gigagrams]"""	3	No	3	1	BeatsBest	1	1		3	no	3	1	BeatsBest/BetterCoverage	1	1		"{""id"":""UAZ_VUAZ-9"", ,""name"":""University of Arizona Indicators """	",""display_name"":""FAO: Emissions (CH4) (Energy), Transport fuel used in agriculture (excl. fishery)[Gigagrams]"", ,""description"":""FAO: Emissions (CH4) (Energy), Transport fuel used in agriculture (excl. fishery)[Gigagrams]"""	DOJO/UAZ_VUAZ-9/VUAZ-9	"{""id"":""UAZ_VUAZ-17"", ,""name"":""University of Arizona Indicators """	",""display_name"":""FAO: Emissions (CO2eq) (Energy), Transport fuel used in agriculture (excl. fishery)[Gigagrams]"", ,""description"":""FAO: Emissions (CO2eq) (Energy), Transport fuel used in agriculture (excl. fishery)[Gigagrams]"""	DOJO/UAZ_VUAZ-17/VUAZ-17	"{""id"":""UAZ_VUAZ-25"", ,""name"":""University of Arizona Indicators """	",""display_name"":""FAO: Emissions (CO2eq) from N2O (Energy), Transport fuel used in agriculture (excl. fishery)[Gigagrams]"", ,""description"":""FAO: Emissions (CO2eq) from N2O (Energy), Transport fuel used in agriculture (excl. fishery)[Gigagrams]"""	DOJO/UAZ_VUAZ-25/VUAZ-25	"""Emissions"" and ""fuel"" are of equal importance for the match. At least three additional datasets refer to emissions from fuel used in agriculture. No preference implied between them and the ones selected here. There are appriximately 25 other dataset for emission from various types of fuel consumption. Default is good. UAZ system returns are about agrictultural emissions associated with manure, not fuel."	University of Arizona Indicators 	WDI: CO2 emissions from gaseous fuel consumption[kt]	DOJO/UAZ_VUAZ-6929/VUAZ-6929	University of Arizona Indicators 	"FAO: Emissions (CO2eq) (Energy), Gas-Diesel oil[Gigagrams]"	DOJO/UAZ_VUAZ-5500/VUAZ-5500	University of Arizona Indicators 	WDI: CO2 emissions from solid fuel consumption[% of total]	DOJO/UAZ_VUAZ-6935/VUAZ-6935	"also liquid fuel consumption, transport fuel used in agriculture"
wm/concept/health/malnutrition	wm/concept/health/malnutrition	null	DOJO/0f341aa6-3727-4fd9-812c-c0751dc6e597/Population age 0-4	DOJO/DHS_Nutrition/children_severely_wasted		DOJO/4b329b96-6077-4ffd-93d4-13a91f374369/Prevalence of undernourishment (% of population) - SN.ITK.DEFC.ZS		DOJO/FAOSTAT0/value																																					
wm/concept/health/nutrition	wm/concept/health/nutrition	DHS_Nutrition	DOJO/4b329b96-6077-4ffd-93d4-13a91f374369/Prevalence Of Undernourishment (% Of Population)  - SN.ITK.DEFC.ZS	DOJO/UAZ_VUAZ-1877/VUAZ-1877		DOJO/UAZ_VUAZ-1767/VUAZ-1767		DOJO/UAZ_VUAZ-1989/VUAZ-1989																																					
wm/concept/health/nutrition_security	wm/concept/health/nutrition wm/property/security	State Fragility Index (sfi)	null	DOJO/WDI_community_health_workers_per_1_000_people/community_health_workers_per_1_000_people		DOJO/WDI_uhc_service_coverage_index/uhc_service_coverage_index		DOJO/WDI_proportion_of_population_spending_more_than_25_of_household_consumption_or_income_on_out_of_pocket_health_care_expenditure/proportion_of_population_spending_more_than_25_of_household_consumption_or_income_on_out_of_pocket_health_care_expenditure																																					
wm/concept/health/nutrition_security	wm/concept/health/nutrition wm/property/security	null	null	DOJO/WDI_community_health_workers_per_1_000_people/community_health_workers_per_1_000_people		DOJO/WDI_uhc_service_coverage_index/uhc_service_coverage_index		DOJO/WDI_proportion_of_population_spending_more_than_25_of_household_consumption_or_income_on_out_of_pocket_health_care_expenditure/proportion_of_population_spending_more_than_25_of_household_consumption_or_income_on_out_of_pocket_health_care_expenditure																																					
wm/concept/health/vaccination	wm/concept/health/vaccination	Births Attended By Skilled Health Staff (% Of Total)	null	DOJO/UAZ_VUAZ-8309/VUAZ-8309	",""description"":""WHO: Tuberculosis treatment coverage"""	DOJO/UAZ_VUAZ-7849/VUAZ-7849	",""description"":""WDI: Tuberculosis case detection rate[%, all forms]"""	DOJO/e87778f4-9894-4e75-b206-3e2ea15639a7/Confirmed Cases (cumulative)	",""name"":""OxCGRT Government Response Index with COVID-19 data for East Africa (OxCGRT_government_response_index-East-Africa"	0	Yes	1	1	BeatsBest	1			0	yes	1	1	BeatsBest/BetterCoverage	1			"{""id"":""UAZ_VUAZ-8186"""	",""description"":""CLiMIS: Percentage of livestock with Peste des Petits Ruminants (PPR) that are vaccinated[%]"""	DOJO/UAZ_VUAZ-8186/VUAZ-8186	"{""id"":""UAZ_VUAZ-8192"""	",""description"":""CLiMIS: Percentage of livestock with Lumpy Skin Disease (LSD) that are vaccinated[%]"""	DOJO/UAZ_VUAZ-8192/VUAZ-8192	"{""id"":""UAZ_VUAZ-8189"""	",""description"":""CLiMIS: Percentage of livestock with Foot and Mouth Disease (FMD) that are vaccinated[%]"""	DOJO/UAZ_VUAZ-8189/VUAZ-8189	These are recommended dataste assuming that veterinary vaccination was intended.	University of Arizona Indicators 	CLiMIS: Vaccinated[%]	DOJO/UAZ_VUAZ-8194/VUAZ-8194	University of Arizona Indicators 	CLiMIS: Percentage of livestock with Other diseases that are vaccinated[%]	DOJO/UAZ_VUAZ-8198/VUAZ-8198	University of Arizona Indicators 	CLiMIS: Percentage of livestock with NC that are vaccinated[%]	DOJO/UAZ_VUAZ-8196/VUAZ-8196	"They probably meant this to be some sort of veterinary node, but it is using human vaccination ontology node.  I am going to do both (see below (line 76) for human, here is poultry/veterinary)"
wm/concept/health/vaccination	wm/concept/health/vaccination	null	null	DOJO/UAZ_VUAZ-8309/VUAZ-8309		DOJO/UAZ_VUAZ-7849/VUAZ-7849		DOJO/e87778f4-9894-4e75-b206-3e2ea15639a7/Confirmed Cases (cumulative)																																					
wm/concept/health/vaccination_production	wm/concept/health/vaccination wm/process/production	Production in quintal	null	"DOJO/FAOSTAT_EAfrica_crops_primary-PBhattacharya-Aug-21/Maize (Production, units = tonnes)"		DOJO/WDI_agricultural_nitrous_oxide_emissions_thousand_metric_tons_of_co2_equivalent/agricultural_nitrous_oxide_emissions_thousand_metric_tons_of_co2_equivalent		"DOJO/FAOSTAT_EAfrica_crops_primary-PBhattacharya-Aug-21/Chillies and peppers, green (Production, units = tonnes)"																																					
wm/concept/health/vaccination_unavailability	wm/concept/health/vaccination wm/property/unavailability	Births Attended By Skilled Health Staff (% Of Total)	null	DOJO/1643ffff-623d-4a21-a07c-b078a2266a3d/Offerings (# of birds offered)		DOJO/1643ffff-623d-4a21-a07c-b078a2266a3d/Total Number of Poulty Sales (# of birds sold)		DOJO/1643ffff-623d-4a21-a07c-b078a2266a3d/Total Number of Deaths (# of bird deaths)																																					
wm/concept/health/vaccination_unavailability	wm/concept/health/vaccination wm/property/unavailability	null	null	DOJO/1643ffff-623d-4a21-a07c-b078a2266a3d/Offerings (# of birds offered)		DOJO/1643ffff-623d-4a21-a07c-b078a2266a3d/Total Number of Poulty Sales (# of birds sold)		DOJO/1643ffff-623d-4a21-a07c-b078a2266a3d/Total Number of Deaths (# of bird deaths)																																					
wm/concept/health_intensive_care	wm/concept/health/ wm/concept/health/treatment/intensive_care	Births Attended By Skilled Health Staff (% Of Total)	null	DOJO/WDI_physicians_per_1_000_people/physicians_per_1_000_people		DOJO/WDI_community_health_workers_per_1_000_people/community_health_workers_per_1_000_people		DOJO/UAZ_VUAZ-7031/VUAZ-7031	",""description"":""WDI: Domestic private health expenditure[% of current health expenditure]"""	0	Yes	1	2	No	3		1	0	yes	1	2	No	3		1										"The UAZ returns are in the healthcare space, but none have to do with intensive care. There are no  matches to ""intensive care,""  ""ICU,"" ""intensive, or other term indicative of severe illness or sickness in the spreadsheet. "	World Development Indicators	"Hospital beds (per 1,000 people)"	DOJO/WDI_hospital_beds_per_1_000_people/hospital_beds_per_1_000_people							
wm/concept/health_intensive_care	wm/concept/health/ wm/concept/health/treatment/intensive_care	null	null	DOJO/WDI_physicians_per_1_000_people/physicians_per_1_000_people		DOJO/WDI_community_health_workers_per_1_000_people/community_health_workers_per_1_000_people		DOJO/UAZ_VUAZ-7031/VUAZ-7031																																					
wm/concept/humanitarian_assistance/food_aid	wm/concept/humanitarian_assistance/food_aid	null	"DOJO/UAZ_VUAZ-2315/FAO: Gross Production Value (constant 2004-2006 million SLC), Meat indigenous, pig[SLC]"	DOJO/UAZ_VUAZ-1639/VUAZ-1639		DOJO/UAZ_VUAZ-1649/VUAZ-1649		DOJO/UAZ_VUAZ-1724/VUAZ-1724																																					
wm/process/training/agriculture_training	wm/process/training/agriculture_training	Environment_Emissions_by_Sector_Share of total emissions (SAR)	"DOJO/UAZ_VUAZ-2315/FAO: Gross Production Value (constant 2004-2006 million SLC), Meat indigenous, pig[SLC]"	[Not concept node]		undefined		undefined																																					
wm/process/training/agriculture_training	wm/process/training/agriculture_training	null	"DOJO/UAZ_VUAZ-2315/FAO: Gross Production Value (constant 2004-2006 million SLC), Meat indigenous, pig[SLC]"	[Not concept node]		undefined		undefined																																					
wm/property/quality	wm/property/quality	Government Effectiveness: Estimate	"DOJO/7c8675bf-221c-4a2e-a162-8f762c4a4de3/Staple Grains (Teff, Wheat, Maize, Barley, Sorgum)  Usd Per 100 Kg, Local Retail Price "	[Not concept node]		undefined		undefined		1	Node issue	N/A	0	Node issue	N/A			1	Node Issue	N/A	0	Node Issue	N/A												Not a  valid node concept. The CauseMos default is not relevant.										quality is one of those properties I don't think should be allowed to be a node on its own.  Quality of what???
wm/concept/health/vaccination	wm/concept/health/vaccination	Births Attended By Skilled Health Staff (% Of Total)	null	DOJO/UAZ_VUAZ-8309/VUAZ-8309	",""description"":""WHO: Tuberculosis treatment coverage"""	DOJO/UAZ_VUAZ-7849/VUAZ-7849	",""description"":""WDI: Tuberculosis case detection rate[%, all forms]"""	DOJO/e87778f4-9894-4e75-b206-3e2ea15639a7/Confirmed Cases (cumulative)	",""name"":""OxCGRT Government Response Index with COVID-19 data for East Africa (OxCGRT_government_response_index-East-Africa"	0	Yes	1	1	BeatsBest	1			0	yes	1	1	BeatsBest/BetterCoverage	1			"{""id"":""WDI_immunization_hepb3_of_one_year_old_children"", ,""name"":""World Development Indicators"""	",""display_name"":""Immunization, HepB3 (% of one-year-old children)"", ,""description"":""SOURCE NOTE: Child immunization rate, hepatitis B is the percentage of children ages 12-23 months who received hepatitis B vaccinations before 12 months or at any time before the survey. A child is considered adequately immunized after three doses.\\nSOURCE ORGANIZATION: WHO and UNICEF (http://www.who.int/immunization/monitoring_surveillance/en/)."""	DOJO/WDI_immunization_hepb3_of_one_year_old_children/immunization_hepb3_of_one_year_old_children	"{""id"":""WDI_immunization_measles_of_children_ages_12_23_months"", ,""name"":""World Development Indicators"""	",""display_name"":""Immunization, measles (% of children ages 12-23 months)"", ,""description"":""SOURCE NOTE: Child immunization, measles, measures the percentage of children ages 12-23 months who received the measles vaccination before 12 months or at any time before the survey. A child is considered adequately immunized against measles after receiving one dose of vaccine.\\nSOURCE ORGANIZATION: WHO and UNICEF (http://www.who.int/immunization/monitoring_surveillance/en/)."""	DOJO/WDI_immunization_measles_of_children_ages_12_23_months/immunization_measles_of_children_ages_12_23_months	"{""id"":""WDI_immunization_dpt_of_children_ages_12_23_months"", ,""name"":""World Development Indicators"""	",""display_name"":""Immunization, DPT (% of children ages 12-23 months)"", ,""description"":""SOURCE NOTE: Child immunization, DPT, measures the percentage of children ages 12-23 months who received DPT vaccinations before 12 months or at any time before the survey. A child is considered adequately immunized against diphtheria, pertussis (or whooping cough), and tetanus (DPT) after receiving three doses of vaccine.\\nSOURCE ORGANIZATION: WHO and UNICEF (http://www.who.int/immunization/monitoring_surveillance/en/)."""	DOJO/WDI_immunization_dpt_of_children_ages_12_23_months/immunization_dpt_of_children_ages_12_23_months	"It is likely that the node is intended to represent COVI-19 vaccination, but only ""vacciniation"" is expressed. Addition datasets: CLiMIS: Vaccinated[%], University of Arizona Indicators ; CLiMIS: Percentage of livestock with Other diseases that are vaccinated[%]; University of Arizona Indicators , CLiMIS: Percentage of livestock with NC that are vaccinated[%]  None of the UAZ returns are about vaccination, although they are all related to health issues (tuberculosis and covid-19). NOTE; Cheryl assumed human vaccination here)"	World Development Indicators	"Immunization, HepB3 (% of one-year-old children)"	DOJO/WDI_immunization_hepb3_of_one_year_old_children/immunization_hepb3_of_one_year_old_children	World Development Indicators	"Immunization, DPT (% of children ages 12-23 months)"	DOJO/WDI_immunization_dpt_of_children_ages_12_23_months/immunization_dpt_of_children_ages_12_23_months	World Development Indicators	"Immunization, measles (% of children ages 12-23 months)"	DOJO/WDI_immunization_measles_of_children_ages_12_23_months/immunization_measles_of_children_ages_12_23_months	this is a copy of line 65 with the indicators I'd suggest and accompanying scores if I thought they meant human vaccination (writ large)
																																													
																																													
SCORES																																													
Number of 0s (Null) when better available										7			0					9			0																								
Number of 0s (Null) when BetterCoverage													0								0																								
Number of 0s (Null) when no better available										3			0					3			0																								
Number of 0s (Null) when node issue										3			1					1			1																								
																																													
Number of 1s  (Bad)										5			14					5			16																								
Number of 2s (Medium)										0			3					1			2																								
Number of 3s (Good)										2			2					1			1																								
Total										20			20					20			20																								
Better default available/BeatsBest (UAZ)											11			9					14			12																							
BetterCoverage (UAZ)														0								1																							
Better default not available											5			7					4			7																							
Node Issue											4			4					2			2																							
Comparison																																													
CauseMos Default composite better than UAZ (out of 20-2)																3								2																					
UAZ composite better than CauseMos Default (Out of 20-2)																	5								5																				
Tie															8								11																						
